Mach,Alpha,CD,CD power off,Cd power on,CA power off,CaA power on,CL,CN,CN Potential,CN Viscous,CNalpha(0 to 4 deg/ rad),CP,CP(0 to 4 deg),Reynolds Number 
0.01,0,0.769,0.769,0.749,0.769,0.749,0,0,0,0,9.186,165.559,165.559,"1,278,129"
0.02,0,0.792,0.792,0.773,0.792,0.773,0,0,0,0,9.186,165.559,165.559,"2,556,258"
0.03,0,0.788,0.788,0.768,0.788,0.768,0,0,0,0,9.186,165.559,165.559,"3,834,388"
0.04,0,0.78,0.78,0.76,0.78,0.76,0,0,0,0,9.186,165.559,165.559,"5,112,517"
0.05,0,0.772,0.772,0.752,0.772,0.752,0,0,0,0,9.186,165.559,165.559,"6,390,646"
0.06,0,0.765,0.765,0.745,0.765,0.745,0,0,0,0,9.186,165.559,165.559,"7,668,776"
0.07,0,0.759,0.759,0.739,0.759,0.739,0,0,0,0,9.186,165.559,165.559,"8,946,905"
0.08,0,0.753,0.753,0.733,0.753,0.733,0,0,0,0,9.186,165.559,165.559,"10,225,030"
0.09,0,0.748,0.748,0.728,0.748,0.728,0,0,0,0,9.186,165.559,165.559,"11,503,160"
0.1,0,0.744,0.744,0.724,0.744,0.724,0,0,0,0,9.186,165.559,165.559,"12,781,290"
0.11,0,0.744,0.744,0.724,0.744,0.724,0,0,0,0,9.186,165.559,165.559,"14,059,420"
0.12,0,0.744,0.744,0.724,0.744,0.724,0,0,0,0,9.186,165.559,165.559,"15,337,550"
0.13,0,0.744,0.744,0.724,0.744,0.724,0,0,0,0,9.186,165.559,165.559,"16,615,680"
0.14,0,0.744,0.744,0.724,0.744,0.724,0,0,0,0,9.186,165.559,165.559,"17,893,810"
0.15,0,0.744,0.744,0.724,0.744,0.724,0,0,0,0,9.186,165.559,165.559,"19,171,940"
0.16,0,0.744,0.744,0.724,0.744,0.724,0,0,0,0,9.186,165.559,165.559,"20,450,070"
0.17,0,0.744,0.744,0.724,0.744,0.724,0,0,0,0,9.186,165.559,165.559,"21,728,200"
0.18,0,0.744,0.744,0.724,0.744,0.724,0,0,0,0,9.186,165.559,165.559,"23,006,330"
0.19,0,0.744,0.744,0.724,0.744,0.724,0,0,0,0,9.186,165.559,165.559,"24,284,460"
0.2,0,0.744,0.744,0.725,0.744,0.725,0,0,0,0,9.186,165.559,165.559,"25,562,590"
0.21,0,0.744,0.744,0.725,0.744,0.725,0,0,0,0,9.186,165.559,165.559,"26,840,710"
0.22,0,0.744,0.744,0.725,0.744,0.725,0,0,0,0,9.186,165.559,165.559,"28,118,840"
0.23,0,0.745,0.745,0.725,0.745,0.725,0,0,0,0,9.186,165.559,165.559,"29,396,970"
0.24,0,0.745,0.745,0.725,0.745,0.725,0,0,0,0,9.186,165.559,165.559,"30,675,100"
0.25,0,0.745,0.745,0.725,0.745,0.725,0,0,0,0,9.186,165.559,165.559,"31,953,230"
0.26,0,0.745,0.745,0.726,0.745,0.726,0,0,0,0,9.186,165.559,165.559,"33,231,360"
0.27,0,0.746,0.746,0.726,0.746,0.726,0,0,0,0,9.186,165.559,165.559,"34,509,490"
0.28,0,0.746,0.746,0.726,0.746,0.726,0,0,0,0,9.186,165.559,165.559,"35,787,620"
0.29,0,0.747,0.747,0.727,0.747,0.727,0,0,0,0,9.186,165.559,165.559,"37,065,750"
0.3,0,0.747,0.747,0.727,0.747,0.727,0,0,0,0,9.186,165.559,165.559,"38,343,880"
0.31,0,0.747,0.747,0.728,0.747,0.728,0,0,0,0,9.186,165.559,165.559,"39,622,010"
0.32,0,0.748,0.748,0.728,0.748,0.728,0,0,0,0,9.186,165.559,165.559,"40,900,140"
0.33,0,0.748,0.748,0.729,0.748,0.729,0,0,0,0,9.186,165.559,165.559,"42,178,270"
0.34,0,0.749,0.749,0.729,0.749,0.729,0,0,0,0,9.186,165.559,165.559,"43,456,400"
0.35,0,0.749,0.749,0.73,0.749,0.73,0,0,0,0,9.186,165.559,165.559,"44,734,520"
0.36,0,0.75,0.75,0.73,0.75,0.73,0,0,0,0,9.186,165.559,165.559,"46,012,660"
0.37,0,0.751,0.751,0.731,0.751,0.731,0,0,0,0,9.186,165.559,165.559,"47,290,780"
0.38,0,0.751,0.751,0.731,0.751,0.731,0,0,0,0,9.186,165.559,165.559,"48,568,910"
0.39,0,0.752,0.752,0.732,0.752,0.732,0,0,0,0,9.186,165.559,165.559,"49,847,040"
0.4,0,0.752,0.752,0.733,0.752,0.733,0,0,0,0,9.186,165.559,165.559,"51,125,170"
0.41,0,0.753,0.753,0.733,0.753,0.733,0,0,0,0,9.186,165.559,165.559,"52,403,300"
0.42,0,0.754,0.754,0.734,0.754,0.734,0,0,0,0,9.186,165.559,165.559,"53,681,430"
0.43,0,0.754,0.754,0.735,0.754,0.735,0,0,0,0,9.186,165.559,165.559,"54,959,560"
0.44,0,0.755,0.755,0.735,0.755,0.735,0,0,0,0,9.186,165.559,165.559,"56,237,690"
0.45,0,0.756,0.756,0.736,0.756,0.736,0,0,0,0,9.186,165.559,165.559,"57,515,820"
0.46,0,0.756,0.756,0.737,0.756,0.737,0,0,0,0,9.186,165.559,165.559,"58,793,950"
0.47,0,0.757,0.757,0.737,0.757,0.737,0,0,0,0,9.186,165.559,165.559,"60,072,080"
0.48,0,0.758,0.758,0.738,0.758,0.738,0,0,0,0,9.186,165.559,165.559,"61,350,200"
0.49,0,0.759,0.759,0.739,0.759,0.739,0,0,0,0,9.186,165.559,165.559,"62,628,340"
0.5,0,0.759,0.759,0.74,0.759,0.74,0,0,0,0,9.186,165.559,165.559,"63,906,460"
0.51,0,0.76,0.76,0.741,0.76,0.741,0,0,0,0,9.186,165.559,165.559,"65,184,590"
0.52,0,0.761,0.761,0.741,0.761,0.741,0,0,0,0,9.186,165.559,165.559,"66,462,720"
0.53,0,0.762,0.762,0.742,0.762,0.742,0,0,0,0,9.186,165.559,165.559,"67,740,850"
0.54,0,0.763,0.763,0.743,0.763,0.743,0,0,0,0,9.186,165.559,165.559,"69,018,980"
0.55,0,0.764,0.764,0.744,0.764,0.744,0,0,0,0,9.186,165.559,165.559,"70,297,110"
0.56,0,0.765,0.765,0.745,0.765,0.745,0,0,0,0,9.186,165.559,165.559,"71,575,240"
0.57,0,0.766,0.766,0.746,0.766,0.746,0,0,0,0,9.186,165.559,165.559,"72,853,370"
0.58,0,0.767,0.767,0.747,0.767,0.747,0,0,0,0,9.186,165.559,165.559,"74,131,500"
0.59,0,0.768,0.768,0.748,0.768,0.748,0,0,0,0,9.186,165.559,165.559,"75,409,620"
0.6,0,0.769,0.769,0.749,0.769,0.749,0,0,0,0,9.186,165.559,165.559,"76,687,760"
0.61,0,0.771,0.771,0.75,0.771,0.75,0,0,0,0,9.186,165.559,165.559,"77,965,890"
0.62,0,0.773,0.773,0.752,0.773,0.752,0,0,0,0,9.186,165.559,165.559,"79,244,020"
0.63,0,0.775,0.775,0.753,0.775,0.753,0,0,0,0,9.186,165.559,165.559,"80,522,140"
0.64,0,0.776,0.776,0.754,0.776,0.754,0,0,0,0,9.186,165.559,165.559,"81,800,270"
0.65,0,0.778,0.778,0.756,0.778,0.756,0,0,0,0,9.186,165.559,165.559,"83,078,400"
0.66,0,0.78,0.78,0.757,0.78,0.757,0,0,0,0,9.186,165.559,165.559,"84,356,540"
0.67,0,0.782,0.782,0.759,0.782,0.759,0,0,0,0,9.186,165.559,165.559,"85,634,660"
0.68,0,0.784,0.784,0.76,0.784,0.76,0,0,0,0,9.186,165.559,165.559,"86,912,790"
0.69,0,0.786,0.786,0.762,0.786,0.762,0,0,0,0,9.186,165.559,165.559,"88,190,920"
0.7,0,0.789,0.789,0.764,0.789,0.764,0,0,0,0,9.186,165.559,165.559,"89,469,050"
0.71,0,0.789,0.789,0.764,0.789,0.764,0,0,0,0,9.186,165.559,165.559,"90,747,180"
0.72,0,0.789,0.789,0.763,0.789,0.763,0,0,0,0,9.186,165.559,165.559,"92,025,310"
0.73,0,0.789,0.789,0.763,0.789,0.763,0,0,0,0,9.186,165.559,165.559,"93,303,440"
0.74,0,0.789,0.789,0.763,0.789,0.763,0,0,0,0,9.186,165.559,165.559,"94,581,570"
0.75,0,0.789,0.789,0.762,0.789,0.762,0,0,0,0,9.186,165.559,165.559,"95,859,700"
0.76,0,0.789,0.789,0.762,0.789,0.762,0,0,0,0,9.186,165.559,165.559,"97,137,820"
0.77,0,0.789,0.789,0.761,0.789,0.761,0,0,0,0,9.186,165.559,165.559,"98,415,950"
0.78,0,0.789,0.789,0.761,0.789,0.761,0,0,0,0,9.186,165.559,165.559,"99,694,080"
0.79,0,0.789,0.789,0.761,0.789,0.761,0,0,0,0,9.186,165.559,165.559,"100,972,200"
0.8,0,0.789,0.789,0.76,0.789,0.76,0,0,0,0,9.186,165.559,165.559,"102,250,300"
0.81,0,0.794,0.794,0.765,0.794,0.765,0,0,0,0,9.186,165.559,165.559,"103,528,500"
0.82,0,0.799,0.799,0.77,0.799,0.77,0,0,0,0,9.186,165.559,165.559,"104,806,600"
0.83,0,0.805,0.805,0.775,0.805,0.775,0,0,0,0,9.186,165.559,165.559,"106,084,700"
0.84,0,0.81,0.81,0.78,0.81,0.78,0,0,0,0,9.186,165.559,165.559,"107,362,900"
0.85,0,0.815,0.815,0.785,0.815,0.785,0,0,0,0,9.186,165.559,165.559,"108,641,000"
0.86,0,0.821,0.821,0.79,0.821,0.79,0,0,0,0,9.186,165.559,165.559,"109,919,100"
0.87,0,0.826,0.826,0.795,0.826,0.795,0,0,0,0,9.186,165.559,165.559,"111,197,200"
0.88,0,0.831,0.831,0.8,0.831,0.8,0,0,0,0,9.186,165.559,165.559,"112,475,400"
0.89,0,0.837,0.837,0.805,0.837,0.805,0,0,0,0,9.186,165.559,165.559,"113,753,500"
0.9,0,0.842,0.842,0.81,0.842,0.81,0,0,0,0,9.186,165.559,165.559,"115,031,600"
0.91,0,0.848,0.848,0.815,0.848,0.815,0,0,0,0,9.571,166.257,165.461,"116,309,800"
0.92,0,0.865,0.865,0.832,0.865,0.832,0,0,0,0,9.956,166.956,165.363,"117,587,900"
0.93,0,0.887,0.887,0.852,0.887,0.852,0,0,0,0,10.341,167.654,165.265,"118,866,000"
0.94,0,0.905,0.905,0.868,0.905,0.868,0,0,0,0,10.726,168.352,165.167,"120,144,200"
0.95,0,0.923,0.923,0.885,0.923,0.885,0,0,0,0,11.11,169.05,165.07,"121,422,300"
0.96,0,0.941,0.941,0.901,0.941,0.901,0,0,0,0,11.495,169.749,164.972,"122,700,400"
0.97,0,0.959,0.959,0.917,0.959,0.917,0,0,0,0,11.88,170.447,164.874,"123,978,500"
0.98,0,0.978,0.978,0.934,0.978,0.934,0,0,0,0,12.265,171.145,164.776,"125,256,700"
0.99,0,0.996,0.996,0.95,0.996,0.95,0,0,0,0,12.649,171.843,164.678,"126,534,800"
1,0,1.014,1.014,0.966,1.014,0.966,0,0,0,0,13.034,172.542,164.58,"127,812,900"
1.01,0,1.032,1.032,0.982,1.032,0.982,0,0,0,0,13.419,173.24,164.482,"129,091,100"
1.02,0,1.05,1.05,0.999,1.05,0.999,0,0,0,0,13.804,173.938,164.384,"130,369,200"
1.03,0,1.068,1.068,1.015,1.068,1.015,0,0,0,0,14.189,174.636,164.287,"131,647,300"
1.04,0,1.086,1.086,1.031,1.086,1.031,0,0,0,0,14.573,175.335,164.189,"132,925,400"
1.05,0,1.104,1.104,1.048,1.104,1.048,0,0,0,0,14.958,176.033,164.091,"134,203,600"
1.06,0,1.101,1.101,1.044,1.101,1.044,0,0,0,0,15.022,176.223,164.295,"135,481,700"
1.07,0,1.098,1.098,1.041,1.098,1.041,0,0,0,0,15.081,176.398,164.484,"136,759,800"
1.08,0,1.094,1.094,1.038,1.094,1.038,0,0,0,0,15.136,176.561,164.659,"138,038,000"
1.09,0,1.091,1.091,1.035,1.091,1.035,0,0,0,0,15.188,176.714,164.823,"139,316,100"
1.1,0,1.088,1.088,1.032,1.088,1.032,0,0,0,0,15.238,176.858,164.979,"140,594,200"
1.11,0,1.085,1.085,1.029,1.085,1.029,0,0,0,0,15.286,176.995,165.128,"141,872,400"
1.12,0,1.081,1.081,1.027,1.081,1.027,0,0,0,0,15.331,177.126,165.27,"143,150,500"
1.13,0,1.078,1.078,1.024,1.078,1.024,0,0,0,0,15.376,177.252,165.406,"144,428,600"
1.14,0,1.075,1.075,1.021,1.075,1.021,0,0,0,0,15.418,177.374,165.538,"145,706,700"
1.15,0,1.072,1.072,1.018,1.072,1.018,0,0,0,0,15.46,177.491,165.665,"146,984,900"
1.16,0,1.069,1.069,1.015,1.069,1.015,0,0,0,0,15.501,177.604,165.788,"148,263,000"
1.17,0,1.065,1.065,1.011,1.065,1.011,0,0,0,0,15.542,177.687,165.888,"149,541,100"
1.18,0,1.061,1.061,1.007,1.061,1.007,0,0,0,0,15.586,177.725,165.952,"150,819,200"
1.19,0,1.057,1.057,1.003,1.057,1.003,0,0,0,0,15.629,177.762,166.015,"152,097,400"
1.2,0,1.052,1.052,0.998,1.052,0.998,0,0,0,0,15.671,177.799,166.076,"153,375,500"
1.21,0,1.047,1.047,0.994,1.047,0.994,0,0,0,0,15.66,177.708,165.993,"154,653,600"
1.22,0,1.042,1.042,0.989,1.042,0.989,0,0,0,0,15.636,177.59,165.88,"155,931,800"
1.23,0,1.037,1.037,0.984,1.037,0.984,0,0,0,0,15.613,177.474,165.767,"157,209,900"
1.24,0,1.032,1.032,0.979,1.032,0.979,0,0,0,0,15.59,177.359,165.657,"158,488,000"
1.25,0,1.027,1.027,0.974,1.027,0.974,0,0,0,0,15.568,177.245,165.547,"159,766,200"
1.26,0,1.023,1.023,0.969,1.023,0.969,0,0,0,0,15.545,177.133,165.439,"161,044,300"
1.27,0,1.018,1.018,0.965,1.018,0.965,0,0,0,0,15.524,177.021,165.331,"162,322,400"
1.28,0,1.014,1.014,0.96,1.014,0.96,0,0,0,0,15.502,176.911,165.225,"163,600,500"
1.29,0,1.009,1.009,0.956,1.009,0.956,0,0,0,0,15.481,176.801,165.12,"164,878,700"
1.3,0,1.005,1.005,0.952,1.005,0.952,0,0,0,0,15.46,176.692,165.015,"166,156,800"
1.31,0,1,1,0.947,1,0.947,0,0,0,0,15.439,176.584,164.911,"167,434,900"
1.32,0,0.996,0.996,0.943,0.996,0.943,0,0,0,0,15.418,176.477,164.809,"168,713,100"
1.33,0,0.992,0.992,0.939,0.992,0.939,0,0,0,0,15.398,176.371,164.707,"169,991,200"
1.34,0,0.988,0.988,0.935,0.988,0.935,0,0,0,0,15.378,176.265,164.605,"171,269,300"
1.35,0,0.984,0.984,0.931,0.984,0.931,0,0,0,0,15.358,176.159,164.504,"172,547,500"
1.36,0,0.98,0.98,0.927,0.98,0.927,0,0,0,0,15.338,176.055,164.404,"173,825,600"
1.37,0,0.976,0.976,0.923,0.976,0.923,0,0,0,0,15.318,175.95,164.304,"175,103,700"
1.38,0,0.972,0.972,0.919,0.972,0.919,0,0,0,0,15.299,175.847,164.205,"176,381,800"
1.39,0,0.968,0.968,0.915,0.968,0.915,0,0,0,0,15.279,175.743,164.107,"177,660,000"
1.4,0,0.965,0.965,0.911,0.965,0.911,0,0,0,0,15.26,175.641,164.009,"178,938,100"
1.41,0,0.961,0.961,0.908,0.961,0.908,0,0,0,0,15.241,175.538,163.911,"180,216,200"
1.42,0,0.957,0.957,0.904,0.957,0.904,0,0,0,0,15.222,175.436,163.814,"181,494,400"
1.43,0,0.954,0.954,0.901,0.954,0.901,0,0,0,0,15.204,175.334,163.717,"182,772,500"
1.44,0,0.95,0.95,0.897,0.95,0.897,0,0,0,0,15.178,175.233,163.643,"184,050,600"
1.45,0,0.947,0.947,0.894,0.947,0.894,0,0,0,0,15.149,175.132,163.581,"185,328,800"
1.46,0,0.943,0.943,0.89,0.943,0.89,0,0,0,0,15.12,175.031,163.52,"186,606,900"
1.47,0,0.94,0.94,0.887,0.94,0.887,0,0,0,0,15.091,174.93,163.459,"187,885,000"
1.48,0,0.937,0.937,0.884,0.937,0.884,0,0,0,0,15.062,174.83,163.399,"189,163,100"
1.49,0,0.933,0.933,0.88,0.933,0.88,0,0,0,0,15.034,174.73,163.338,"190,441,300"
1.5,0,0.93,0.93,0.877,0.93,0.877,0,0,0,0,15.005,174.63,163.278,"191,719,400"
1.51,0,0.927,0.927,0.874,0.927,0.874,0,0,0,0,14.977,174.53,163.219,"192,997,500"
1.52,0,0.924,0.924,0.871,0.924,0.871,0,0,0,0,14.948,174.431,163.159,"194,275,600"
1.53,0,0.921,0.921,0.868,0.921,0.868,0,0,0,0,14.92,174.331,163.1,"195,553,800"
1.54,0,0.918,0.918,0.865,0.918,0.865,0,0,0,0,14.892,174.232,163.041,"196,831,900"
1.55,0,0.915,0.915,0.862,0.915,0.862,0,0,0,0,14.864,174.133,162.982,"198,110,000"
1.56,0,0.912,0.912,0.859,0.912,0.859,0,0,0,0,14.835,174.034,162.923,"199,388,200"
1.57,0,0.909,0.909,0.856,0.909,0.856,0,0,0,0,14.807,173.935,162.864,"200,666,300"
1.58,0,0.907,0.907,0.853,0.907,0.853,0,0,0,0,14.78,173.837,162.806,"201,944,400"
1.59,0,0.904,0.904,0.851,0.904,0.851,0,0,0,0,14.752,173.738,162.748,"203,222,600"
1.6,0,0.901,0.901,0.848,0.901,0.848,0,0,0,0,14.724,173.639,162.689,"204,500,700"
1.61,0,0.899,0.899,0.845,0.899,0.845,0,0,0,0,14.696,173.541,162.631,"205,778,800"
1.62,0,0.896,0.896,0.843,0.896,0.843,0,0,0,0,14.669,173.443,162.573,"207,056,900"
1.63,0,0.894,0.894,0.84,0.894,0.84,0,0,0,0,14.641,173.344,162.515,"208,335,100"
1.64,0,0.891,0.891,0.838,0.891,0.838,0,0,0,0,14.614,173.246,162.458,"209,613,200"
1.65,0,0.889,0.889,0.835,0.889,0.835,0,0,0,0,14.586,173.148,162.4,"210,891,300"
1.66,0,0.886,0.886,0.833,0.886,0.833,0,0,0,0,14.559,173.049,162.342,"212,169,500"
1.67,0,0.884,0.884,0.831,0.884,0.831,0,0,0,0,14.532,172.951,162.285,"213,447,600"
1.68,0,0.882,0.882,0.828,0.882,0.828,0,0,0,0,14.504,172.853,162.227,"214,725,700"
1.69,0,0.879,0.879,0.826,0.879,0.826,0,0,0,0,14.477,172.755,162.17,"216,003,900"
1.7,0,0.877,0.877,0.824,0.877,0.824,0,0,0,0,14.45,172.656,162.113,"217,282,000"
1.71,0,0.875,0.875,0.822,0.875,0.822,0,0,0,0,14.423,172.558,162.055,"218,560,100"
1.72,0,0.873,0.873,0.82,0.873,0.82,0,0,0,0,14.396,172.46,161.998,"219,838,200"
1.73,0,0.871,0.871,0.818,0.871,0.818,0,0,0,0,14.369,172.362,161.941,"221,116,400"
1.74,0,0.869,0.869,0.816,0.869,0.816,0,0,0,0,14.342,172.264,161.884,"222,394,500"
1.75,0,0.867,0.867,0.814,0.867,0.814,0,0,0,0,14.315,172.165,161.826,"223,672,600"
1.76,0,0.865,0.865,0.812,0.865,0.812,0,0,0,0,14.288,172.067,161.769,"224,950,800"
1.77,0,0.863,0.863,0.81,0.863,0.81,0,0,0,0,14.261,171.969,161.712,"226,228,900"
1.78,0,0.862,0.862,0.808,0.862,0.808,0,0,0,0,14.235,171.87,161.655,"227,507,000"
1.79,0,0.86,0.86,0.807,0.86,0.807,0,0,0,0,14.208,171.772,161.598,"228,785,100"
1.8,0,0.858,0.858,0.805,0.858,0.805,0,0,0,0,14.181,171.673,161.54,"230,063,300"
1.81,0,0.857,0.857,0.803,0.857,0.803,0,0,0,0,14.154,171.575,161.483,"231,341,400"
1.82,0,0.855,0.855,0.802,0.855,0.802,0,0,0,0,14.128,171.476,161.426,"232,619,500"
1.83,0,0.854,0.854,0.8,0.854,0.8,0,0,0,0,14.101,171.377,161.369,"233,897,700"
1.84,0,0.852,0.852,0.799,0.852,0.799,0,0,0,0,14.075,171.278,161.311,"235,175,800"
1.85,0,0.851,0.851,0.797,0.851,0.797,0,0,0,0,14.048,171.179,161.254,"236,453,900"
1.86,0,0.849,0.849,0.796,0.849,0.796,0,0,0,0,14.022,171.08,161.197,"237,732,000"
1.87,0,0.848,0.848,0.795,0.848,0.795,0,0,0,0,13.995,170.981,161.139,"239,010,200"
1.88,0,0.847,0.847,0.793,0.847,0.793,0,0,0,0,13.969,170.882,161.082,"240,288,300"
1.89,0,0.845,0.845,0.792,0.845,0.792,0,0,0,0,13.943,170.783,161.024,"241,566,400"
1.9,0,0.844,0.844,0.791,0.844,0.791,0,0,0,0,13.916,170.684,160.967,"242,844,600"
1.91,0,0.843,0.843,0.79,0.843,0.79,0,0,0,0,13.89,170.584,160.909,"244,122,700"
1.92,0,0.842,0.842,0.788,0.842,0.788,0,0,0,0,13.864,170.484,160.851,"245,400,800"
1.93,0,0.84,0.84,0.787,0.84,0.787,0,0,0,0,13.837,170.385,160.794,"246,678,900"
1.94,0,0.839,0.839,0.786,0.839,0.786,0,0,0,0,13.811,170.285,160.736,"247,957,100"
1.95,0,0.837,0.837,0.784,0.837,0.784,0,0,0,0,13.787,170.19,160.683,"249,235,200"
1.96,0,0.834,0.834,0.781,0.834,0.781,0,0,0,0,13.763,170.097,160.633,"250,513,300"
1.97,0,0.832,0.832,0.779,0.832,0.779,0,0,0,0,13.738,170.002,160.58,"251,791,500"
1.98,0,0.829,0.829,0.776,0.829,0.776,0,0,0,0,13.713,169.905,160.525,"253,069,600"
1.99,0,0.827,0.827,0.773,0.827,0.773,0,0,0,0,13.688,169.806,160.469,"254,347,700"
2,0,0.824,0.824,0.77,0.824,0.77,0,0,0,0,13.662,169.706,160.411,"255,625,900"
2.01,0,0.822,0.822,0.768,0.822,0.768,0,0,0,0,13.636,169.604,160.351,"256,904,000"
2.02,0,0.819,0.819,0.765,0.819,0.765,0,0,0,0,13.609,169.501,160.29,"258,182,100"
2.03,0,0.817,0.817,0.763,0.817,0.763,0,0,0,0,13.582,169.396,160.228,"259,460,200"
2.04,0,0.815,0.815,0.76,0.815,0.76,0,0,0,0,13.555,169.289,160.164,"260,738,400"
2.05,0,0.812,0.812,0.758,0.812,0.758,0,0,0,0,13.527,169.181,160.098,"262,016,500"
2.06,0,0.81,0.81,0.756,0.81,0.756,0,0,0,0,13.5,169.072,160.032,"263,294,600"
2.07,0,0.808,0.808,0.753,0.808,0.753,0,0,0,0,13.472,168.962,159.964,"264,572,800"
2.08,0,0.805,0.805,0.751,0.805,0.751,0,0,0,0,13.443,168.85,159.895,"265,850,900"
2.09,0,0.803,0.803,0.748,0.803,0.748,0,0,0,0,13.415,168.737,159.825,"267,129,000"
2.1,0,0.801,0.801,0.746,0.801,0.746,0,0,0,0,13.386,168.623,159.753,"268,407,100"
2.11,0,0.799,0.799,0.744,0.799,0.744,0,0,0,0,13.357,168.508,159.681,"269,685,300"
2.12,0,0.797,0.797,0.741,0.797,0.741,0,0,0,0,13.328,168.391,159.607,"270,963,400"
2.13,0,0.794,0.794,0.739,0.794,0.739,0,0,0,0,13.299,168.274,159.533,"272,241,600"
2.14,0,0.792,0.792,0.737,0.792,0.737,0,0,0,0,13.27,168.156,159.458,"273,519,700"
2.15,0,0.79,0.79,0.735,0.79,0.735,0,0,0,0,13.24,168.036,159.381,"274,797,800"
2.16,0,0.788,0.788,0.732,0.788,0.732,0,0,0,0,13.211,167.916,159.304,"276,075,900"
2.17,0,0.786,0.786,0.73,0.786,0.73,0,0,0,0,13.181,167.795,159.226,"277,354,100"
2.18,0,0.784,0.784,0.728,0.784,0.728,0,0,0,0,13.151,167.673,159.147,"278,632,200"
2.19,0,0.782,0.782,0.726,0.782,0.726,0,0,0,0,13.121,167.55,159.068,"279,910,300"
2.2,0,0.78,0.78,0.723,0.78,0.723,0,0,0,0,13.091,167.426,158.988,"281,188,400"
2.21,0,0.778,0.778,0.721,0.778,0.721,0,0,0,0,13.061,167.302,158.906,"282,466,600"
2.22,0,0.776,0.776,0.719,0.776,0.719,0,0,0,0,13.03,167.176,158.825,"283,744,700"
2.23,0,0.774,0.774,0.717,0.774,0.717,0,0,0,0,13,167.05,158.742,"285,022,800"
2.24,0,0.772,0.772,0.715,0.772,0.715,0,0,0,0,12.97,166.926,158.661,"286,301,000"
2.25,0,0.77,0.77,0.713,0.77,0.713,0,0,0,0,12.939,166.806,158.584,"287,579,100"
2.26,0,0.768,0.768,0.711,0.768,0.711,0,0,0,0,12.909,166.685,158.505,"288,857,200"
2.27,0,0.766,0.766,0.708,0.766,0.708,0,0,0,0,12.878,166.563,158.426,"290,135,400"
2.28,0,0.764,0.764,0.706,0.764,0.706,0,0,0,0,12.848,166.44,158.347,"291,413,500"
2.29,0,0.762,0.762,0.704,0.762,0.704,0,0,0,0,12.817,166.317,158.267,"292,691,600"
2.3,0,0.76,0.76,0.702,0.76,0.702,0,0,0,0,12.787,166.194,158.186,"293,969,700"
2.31,0,0.758,0.758,0.7,0.758,0.7,0,0,0,0,12.756,166.07,158.105,"295,247,900"
2.32,0,0.756,0.756,0.698,0.756,0.698,0,0,0,0,12.726,165.945,158.024,"296,526,000"
2.33,0,0.754,0.754,0.696,0.754,0.696,0,0,0,0,12.695,165.82,157.942,"297,804,100"
2.34,0,0.752,0.752,0.694,0.752,0.694,0,0,0,0,12.664,165.694,157.86,"299,082,200"
2.35,0,0.751,0.751,0.692,0.751,0.692,0,0,0,0,12.634,165.568,157.777,"300,360,400"
2.36,0,0.749,0.749,0.69,0.749,0.69,0,0,0,0,12.603,165.442,157.694,"301,638,500"
2.37,0,0.747,0.747,0.688,0.747,0.688,0,0,0,0,12.573,165.315,157.611,"302,916,600"
2.38,0,0.745,0.745,0.686,0.745,0.686,0,0,0,0,12.542,165.188,157.527,"304,194,800"
2.39,0,0.743,0.743,0.684,0.743,0.684,0,0,0,0,12.511,165.06,157.443,"305,472,900"
2.4,0,0.741,0.741,0.682,0.741,0.682,0,0,0,0,12.481,164.932,157.358,"306,751,000"
2.41,0,0.74,0.74,0.68,0.74,0.68,0,0,0,0,12.45,164.803,157.274,"308,029,200"
2.42,0,0.738,0.738,0.678,0.738,0.678,0,0,0,0,12.42,164.674,157.189,"309,307,300"
2.43,0,0.736,0.736,0.677,0.736,0.677,0,0,0,0,12.389,164.545,157.103,"310,585,400"
2.44,0,0.734,0.734,0.675,0.734,0.675,0,0,0,0,12.359,164.415,157.018,"311,863,600"
2.45,0,0.733,0.733,0.673,0.733,0.673,0,0,0,0,12.329,164.285,156.932,"313,141,700"
2.46,0,0.731,0.731,0.671,0.731,0.671,0,0,0,0,12.298,164.155,156.846,"314,419,800"
2.47,0,0.729,0.729,0.67,0.729,0.67,0,0,0,0,12.268,164.024,156.759,"315,698,000"
2.48,0,0.727,0.727,0.668,0.727,0.668,0,0,0,0,12.238,163.893,156.673,"316,976,100"
2.49,0,0.726,0.726,0.667,0.726,0.667,0,0,0,0,12.208,163.762,156.586,"318,254,200"
2.5,0,0.724,0.724,0.666,0.724,0.666,0,0,0,0,12.178,163.631,156.499,"319,532,300"
2.51,0,0.722,0.722,0.664,0.722,0.664,0,0,0,0,12.148,163.499,156.412,"320,810,500"
2.52,0,0.721,0.721,0.663,0.721,0.663,0,0,0,0,12.117,163.367,156.324,"322,088,600"
2.53,0,0.719,0.719,0.661,0.719,0.661,0,0,0,0,12.088,163.235,156.237,"323,366,700"
2.54,0,0.717,0.717,0.66,0.717,0.66,0,0,0,0,12.058,163.102,156.149,"324,644,800"
2.55,0,0.716,0.716,0.659,0.716,0.659,0,0,0,0,12.028,162.969,156.061,"325,923,000"
2.56,0,0.714,0.714,0.657,0.714,0.657,0,0,0,0,11.998,162.836,155.972,"327,201,100"
2.57,0,0.712,0.712,0.656,0.712,0.656,0,0,0,0,11.968,162.703,155.884,"328,479,200"
2.58,0,0.711,0.711,0.655,0.711,0.655,0,0,0,0,11.939,162.57,155.796,"329,757,300"
2.59,0,0.709,0.709,0.653,0.709,0.653,0,0,0,0,11.909,162.436,155.707,"331,035,500"
2.6,0,0.708,0.708,0.652,0.708,0.652,0,0,0,0,11.879,162.302,155.618,"332,313,600"
2.61,0,0.706,0.706,0.651,0.706,0.651,0,0,0,0,11.85,162.168,155.529,"333,591,700"
2.62,0,0.704,0.704,0.649,0.704,0.649,0,0,0,0,11.821,162.034,155.44,"334,869,900"
2.63,0,0.703,0.703,0.648,0.703,0.648,0,0,0,0,11.791,161.9,155.351,"336,148,000"
2.64,0,0.701,0.701,0.647,0.701,0.647,0,0,0,0,11.762,161.765,155.262,"337,426,100"
2.65,0,0.7,0.7,0.645,0.7,0.645,0,0,0,0,11.733,161.631,155.172,"338,704,300"
2.66,0,0.698,0.698,0.644,0.698,0.644,0,0,0,0,11.704,161.496,155.083,"339,982,400"
2.67,0,0.697,0.697,0.643,0.697,0.643,0,0,0,0,11.675,161.361,154.993,"341,260,500"
2.68,0,0.695,0.695,0.642,0.695,0.642,0,0,0,0,11.646,161.226,154.903,"342,538,700"
2.69,0,0.694,0.694,0.64,0.694,0.64,0,0,0,0,11.617,161.091,154.814,"343,816,800"
2.7,0,0.692,0.692,0.639,0.692,0.639,0,0,0,0,11.588,160.956,154.724,"345,094,900"
2.71,0,0.69,0.69,0.638,0.69,0.638,0,0,0,0,11.559,160.82,154.634,"346,373,100"
2.72,0,0.689,0.689,0.637,0.689,0.637,0,0,0,0,11.531,160.685,154.544,"347,651,200"
2.73,0,0.687,0.687,0.635,0.687,0.635,0,0,0,0,11.502,160.549,154.453,"348,929,300"
2.74,0,0.686,0.686,0.634,0.686,0.634,0,0,0,0,11.474,160.413,154.363,"350,207,400"
2.75,0,0.684,0.684,0.633,0.684,0.633,0,0,0,0,11.445,160.277,154.273,"351,485,600"
2.76,0,0.683,0.683,0.632,0.683,0.632,0,0,0,0,11.417,160.141,154.183,"352,763,700"
2.77,0,0.682,0.682,0.631,0.682,0.631,0,0,0,0,11.389,160.005,154.092,"354,041,800"
2.78,0,0.68,0.68,0.629,0.68,0.629,0,0,0,0,11.36,159.869,154.002,"355,319,900"
2.79,0,0.679,0.679,0.628,0.679,0.628,0,0,0,0,11.332,159.733,153.911,"356,598,100"
2.8,0,0.677,0.677,0.627,0.677,0.627,0,0,0,0,11.304,159.596,153.821,"357,876,200"
2.81,0,0.676,0.676,0.626,0.676,0.626,0,0,0,0,11.276,159.46,153.73,"359,154,300"
2.82,0,0.674,0.674,0.625,0.674,0.625,0,0,0,0,11.249,159.324,153.639,"360,432,400"
2.83,0,0.673,0.673,0.624,0.673,0.624,0,0,0,0,11.221,159.187,153.549,"361,710,600"
2.84,0,0.671,0.671,0.622,0.671,0.622,0,0,0,0,11.193,159.051,153.458,"362,988,700"
2.85,0,0.67,0.67,0.621,0.67,0.621,0,0,0,0,11.165,158.914,153.367,"364,266,800"
2.86,0,0.669,0.669,0.62,0.669,0.62,0,0,0,0,11.138,158.777,153.276,"365,545,000"
2.87,0,0.667,0.667,0.619,0.667,0.619,0,0,0,0,11.11,158.641,153.185,"366,823,100"
2.88,0,0.666,0.666,0.618,0.666,0.618,0,0,0,0,11.083,158.504,153.094,"368,101,200"
2.89,0,0.664,0.664,0.617,0.664,0.617,0,0,0,0,11.056,158.367,153.003,"369,379,400"
2.9,0,0.663,0.663,0.616,0.663,0.616,0,0,0,0,11.029,158.23,152.912,"370,657,500"
2.91,0,0.662,0.662,0.615,0.662,0.615,0,0,0,0,11.001,158.093,152.821,"371,935,600"
2.92,0,0.66,0.66,0.614,0.66,0.614,0,0,0,0,10.974,157.957,152.73,"373,213,800"
2.93,0,0.659,0.659,0.612,0.659,0.612,0,0,0,0,10.947,157.82,152.639,"374,491,900"
2.94,0,0.658,0.658,0.611,0.658,0.611,0,0,0,0,10.921,157.683,152.548,"375,770,000"
2.95,0,0.656,0.656,0.61,0.656,0.61,0,0,0,0,10.894,157.546,152.457,"377,048,200"
2.96,0,0.655,0.655,0.609,0.655,0.609,0,0,0,0,10.867,157.409,152.366,"378,326,300"
2.97,0,0.653,0.653,0.608,0.653,0.608,0,0,0,0,10.84,157.272,152.275,"379,604,400"
2.98,0,0.652,0.652,0.607,0.652,0.607,0,0,0,0,10.814,157.135,152.184,"380,882,500"
2.99,0,0.651,0.651,0.606,0.651,0.606,0,0,0,0,10.787,156.998,152.093,"382,160,700"
3,0,0.649,0.649,0.605,0.649,0.605,0,0,0,0,10.761,156.861,152.002,"383,438,800"